Entity,Date,Cumulative excess deaths associated with COVID-19 pandemic (mean),Cumulative excess deaths associated with COVID-19 pandemic (upper 95% CI),Cumulative excess deaths associated with COVID-19 pandemic (low 95% CI),Cumulative excess deaths (central estimate),"Cumulative excess deaths (95% CI, lower bound)","Cumulative excess deaths (95% CI, upper bound)",Total_Deaths,Deaths_per_day
United States,1/3/2022,,,,1030470.1,1030470.1,1030470.1,822163,430
United States,1/2/2022,,,,,,,821733,1344
United States,1/1/2022,,,,,,,820389,1334
United States,12/31/2021,968425.3,1013269.3,925435.75,,,,819055,1823
United States,12/30/2021,,,,,,,817232,2331
United States,12/29/2021,,,,,,,814901,1786
United States,12/28/2021,,,,,,,813115,266
United States,12/27/2021,,,,1014254.06,1014254.06,1014254.06,812849,262
United States,12/26/2021,,,,,,,812587,1368
United States,12/25/2021,,,,,,,811219,3177
United States,12/24/2021,,,,,,,808042,1854
United States,12/23/2021,,,,,,,806188,2259
United States,12/22/2021,,,,,,,803929,1467
United States,12/21/2021,,,,,,,802462,286
United States,12/20/2021,,,,999969.3,999969.3,999969.3,802176,590
United States,12/19/2021,,,,,,,801586,2034
United States,12/18/2021,,,,,,,799552,1115
United States,12/17/2021,,,,,,,798437,1900
United States,12/16/2021,,,,,,,796537,1908
United States,12/15/2021,,,,,,,794629,1312
United States,12/14/2021,,,,,,,793317,306
United States,12/13/2021,,,,987301,987301,987301,793011,490
United States,12/12/2021,,,,,,,792521,1971
United States,12/11/2021,,,,,,,790550,1162
United States,12/10/2021,,,,,,,789388,1480
United States,12/9/2021,,,,,,,787908,1832
United States,12/8/2021,,,,,,,786076,1288
United States,12/7/2021,,,,,,,784788,281
United States,12/6/2021,,,,974875.75,974875.75,974875.75,784507,572
United States,12/5/2021,,,,,,,783935,1641
United States,12/4/2021,,,,,,,782294,1244
United States,12/3/2021,,,,,,,781050,1727
United States,12/2/2021,,,,,,,779323,1622
United States,12/1/2021,,,,,,,777701,1663
United States,11/30/2021,911116,955987.2,868251.6,,,,776038,193
United States,11/29/2021,,,,961239.2,961239.2,961239.2,775845,214
United States,11/28/2021,,,,,,,775631,563
United States,11/27/2021,,,,,,,775068,465
United States,11/26/2021,,,,,,,774603,1374
United States,11/25/2021,,,,,,,773229,1560
United States,11/24/2021,,,,,,,771669,1177
United States,11/23/2021,,,,,,,770492,177
United States,11/22/2021,,,,948395.3,948395.3,948395.3,770315,374
United States,11/21/2021,,,,,,,769941,1662
United States,11/20/2021,,,,,,,768279,3867
United States,11/19/2021,,,,,,,764412,1442
United States,11/18/2021,,,,,,,762970,1464
United States,11/17/2021,,,,,,,761506,1080
United States,11/16/2021,,,,,,,760426,217
United States,11/15/2021,,,,937341.4,937341.4,937341.4,760209,544
United States,11/14/2021,,,,,,,759665,1734
United States,11/13/2021,,,,,,,757931,970
United States,11/12/2021,,,,,,,756961,1345
United States,11/11/2021,,,,,,,755616,1587
United States,11/10/2021,,,,,,,754029,1161
United States,11/9/2021,,,,,,,752868,256
United States,11/8/2021,,,,927268.9,927268.9,927268.9,752612,476
United States,11/7/2021,,,,,,,752136,1614
United States,11/6/2021,,,,,,,750522,1204
United States,11/5/2021,,,,,,,749318,1188
United States,11/4/2021,,,,,,,748130,1450
United States,11/3/2021,,,,,,,746680,1196
United States,11/2/2021,,,,,,,745484,302
United States,11/1/2021,,,,915917.2,915917.2,915917.2,745182,453
United States,10/31/2021,875170.6,918991.4,833615.5,,,,744729,1790
United States,10/30/2021,,,,,,,742939,1277
United States,10/29/2021,,,,,,,741662,1765
United States,10/28/2021,,,,,,,739897,2052
United States,10/27/2021,,,,,,,737845,1030
United States,10/26/2021,,,,,,,736815,347
United States,10/25/2021,,,,905104.5,905104.5,905104.5,736468,654
United States,10/24/2021,,,,,,,735814,1961
United States,10/23/2021,,,,,,,733853,1523
United States,10/22/2021,,,,,,,732330,1841
United States,10/21/2021,,,,,,,730489,1849
United States,10/20/2021,,,,,,,728640,2330
United States,10/19/2021,,,,,,,726310,695
United States,10/18/2021,,,,894114.94,894114.94,894114.94,725615,892
United States,10/17/2021,,,,,,,724723,2038
United States,10/16/2021,,,,,,,722685,1576
United States,10/15/2021,,,,,,,721109,1846
United States,10/14/2021,,,,,,,719263,1914
United States,10/13/2021,,,,,,,717349,1024
United States,10/12/2021,,,,,,,716325,1013
United States,10/11/2021,,,,882390.44,882390.44,882390.44,715312,1051
United States,10/10/2021,,,,,,,714261,2253
United States,10/9/2021,,,,,,,712008,1738
United States,10/8/2021,,,,,,,710270,2053
United States,10/7/2021,,,,,,,708217,2055
United States,10/6/2021,,,,,,,706162,1356
United States,10/5/2021,,,,,,,704806,942
United States,10/4/2021,,,,869511.75,869511.75,869511.75,703864,1287
United States,10/3/2021,,,,,,,702577,2211
United States,10/2/2021,,,,,,,700366,1962
United States,10/1/2021,,,,,,,698404,2253
United States,9/30/2021,819388.1,862992.9,778349.4,,,,696151,2155
United States,9/29/2021,,,,,,,693996,1957
United States,9/28/2021,,,,,,,692039,1019
United States,9/27/2021,,,,855238.25,855238.25,855238.25,691020,1435
United States,9/26/2021,,,,,,,689585,2465
United States,9/25/2021,,,,,,,687120,2073
United States,9/24/2021,,,,,,,685047,2350
United States,9/23/2021,,,,,,,682697,2345
United States,9/22/2021,,,,,,,680352,1368
United States,9/21/2021,,,,,,,678984,1194
United States,9/20/2021,,,,837685.94,837685.94,837685.94,677790,1589
United States,9/19/2021,,,,,,,676201,2339
United States,9/18/2021,,,,,,,673862,2108
United States,9/17/2021,,,,,,,671754,2499
United States,9/16/2021,,,,,,,669255,2413
United States,9/15/2021,,,,,,,666842,1352
United States,9/14/2021,,,,,,,665490,1140
United States,9/13/2021,,,,819210.44,819210.44,819210.44,664350,1739
United States,9/12/2021,,,,,,,662611,2292
United States,9/11/2021,,,,,,,660319,2246
United States,9/10/2021,,,,,,,658073,2119
United States,9/9/2021,,,,,,,655954,1522
United States,9/8/2021,,,,,,,654432,1092
United States,9/7/2021,,,,,,,653340,1324
United States,9/6/2021,,,,799486.94,799486.94,799486.94,652016,1490
United States,9/5/2021,,,,,,,650526,1973
United States,9/4/2021,,,,,,,648553,2028
United States,9/3/2021,,,,,,,646525,2015
United States,9/2/2021,,,,,,,644510,1807
United States,9/1/2021,,,,,,,642703,1243
United States,8/31/2021,744372.6,784488.94,704115.1,,,,641460,1183
United States,8/30/2021,,,,779107.4,779107.4,779107.4,640277,1460
United States,8/29/2021,,,,,,,638817,1837
United States,8/28/2021,,,,,,,636980,1760
United States,8/27/2021,,,,,,,635220,1658
United States,8/26/2021,,,,,,,633562,1655
United States,8/25/2021,,,,,,,631907,1205
United States,8/24/2021,,,,,,,630702,899
United States,8/23/2021,,,,758731.1,758731.1,758731.1,629803,1169
United States,8/22/2021,,,,,,,628634,1556
United States,8/21/2021,,,,,,,627078,1381
United States,8/20/2021,,,,,,,625697,1497
United States,8/19/2021,,,,,,,624200,1193
United States,8/18/2021,,,,,,,623007,845
United States,8/17/2021,,,,,,,622162,679
United States,8/16/2021,,,,739308.56,739308.56,739308.56,621483,904
United States,8/15/2021,,,,,,,620579,1196
United States,8/14/2021,,,,,,,619383,973
United States,8/13/2021,,,,,,,618410,612
United States,8/12/2021,,,,,,,617798,961
United States,8/11/2021,,,,,,,616837,720
United States,8/10/2021,,,,,,,616117,527
United States,8/9/2021,,,,722233.9,722233.9,722233.9,615590,648
United States,8/8/2021,,,,,,,614942,838
United States,8/7/2021,,,,,,,614104,753
United States,8/6/2021,,,,,,,613351,741
United States,8/5/2021,,,,,,,612610,700
United States,8/4/2021,,,,,,,611910,656
United States,8/3/2021,,,,,,,611254,370
United States,8/2/2021,,,,708317,708317,708317,610884,395
United States,8/1/2021,,,,,,,610489,525
United States,7/31/2021,674984.06,713395,636438.75,,,,609964,495
United States,7/30/2021,,,,,,,609469,494
United States,7/29/2021,,,,,,,608975,499
United States,7/28/2021,,,,,,,608476,411
United States,7/27/2021,,,,,,,608065,249
United States,7/26/2021,,,,697484.7,697484.7,697484.7,607816,254
United States,7/25/2021,,,,,,,607562,414
United States,7/24/2021,,,,,,,607148,338
United States,7/23/2021,,,,,,,606810,399
United States,7/22/2021,,,,,,,606411,320
United States,7/21/2021,,,,,,,606091,284
United States,7/20/2021,,,,,,,605807,146
United States,7/19/2021,,,,690075.56,690075.56,690075.56,605661,183
United States,7/18/2021,,,,,,,605478,370
United States,7/17/2021,,,,,,,605108,319
United States,7/16/2021,,,,,,,604789,342
United States,7/15/2021,,,,,,,604447,337
United States,7/14/2021,,,,,,,604110,295
United States,7/13/2021,,,,,,,603815,119
United States,7/12/2021,,,,684654.6,684654.6,684654.6,603696,149
United States,7/11/2021,,,,,,,603547,316
United States,7/10/2021,,,,,,,603231,262
United States,7/9/2021,,,,,,,602969,250
United States,7/8/2021,,,,,,,602719,301
United States,7/7/2021,,,,,,,602418,103
United States,7/6/2021,,,,,,,602315,125
United States,7/5/2021,,,,680804.56,680804.56,680804.56,602190,152
United States,7/4/2021,,,,,,,602038,304
United States,7/3/2021,,,,,,,601734,289
United States,7/2/2021,,,,,,,601445,244
United States,7/1/2021,,,,,,,601201,282
United States,6/30/2021,652375.06,691330.25,617117.4,,,,600919,183
United States,6/29/2021,,,,,,,600736,173
United States,6/28/2021,,,,677238.6,677238.6,677238.6,600563,242
United States,6/27/2021,,,,,,,600321,412
United States,6/26/2021,,,,,,,599909,315
United States,6/25/2021,,,,,,,599594,326
United States,6/24/2021,,,,,,,599268,308
United States,6/23/2021,,,,,,,598960,266
United States,6/22/2021,,,,,,,598694,223
United States,6/21/2021,,,,673200.1,673200.1,673200.1,598471,251
United States,6/20/2021,,,,,,,598220,272
United States,6/19/2021,,,,,,,597948,279
United States,6/18/2021,,,,,,,597669,336
United States,6/17/2021,,,,,,,597333,316
United States,6/16/2021,,,,,,,597017,199
United States,6/15/2021,,,,,,,596818,152
United States,6/14/2021,,,,669877.6,669877.6,669877.6,596666,208
United States,6/13/2021,,,,,,,596458,403
United States,6/12/2021,,,,,,,596055,382
United States,6/11/2021,,,,,,,595673,387
United States,6/10/2021,,,,,,,595286,313
United States,6/9/2021,,,,,,,594973,322
United States,6/8/2021,,,,,,,594651,423
United States,6/7/2021,,,,666347.9,666347.9,666347.9,594228,394
United States,6/6/2021,,,,,,,593834,586
United States,6/5/2021,,,,,,,593248,478
United States,6/4/2021,,,,,,,592770,492
United States,6/3/2021,,,,,,,592278,332
United States,6/2/2021,,,,,,,591946,232
United States,6/1/2021,,,,,,,591714,254
United States,5/31/2021,643514.25,678276.9,608616.8,663401.8,663401.8,663401.8,591460,301
United States,5/30/2021,,,,,,,591159,703
United States,5/29/2021,,,,,,,590456,545
United States,5/28/2021,,,,,,,589911,517
United States,5/27/2021,,,,,,,589394,518
United States,5/26/2021,,,,,,,588876,555
United States,5/25/2021,,,,,,,588321,287
United States,5/24/2021,,,,659693.06,659693.06,659693.06,588034,409
United States,5/23/2021,,,,,,,587625,649
United States,5/22/2021,,,,,,,586976,541
United States,5/21/2021,,,,,,,586435,583
United States,5/20/2021,,,,,,,585852,610
United States,5/19/2021,,,,,,,585242,362
United States,5/18/2021,,,,,,,584880,437
United States,5/17/2021,,,,656491.2,656491.2,656491.2,584443,442
United States,5/16/2021,,,,,,,584001,701
United States,5/15/2021,,,,,,,583300,583
United States,5/14/2021,,,,,,,582717,679
United States,5/13/2021,,,,,,,582038,598
United States,5/12/2021,,,,,,,581440,395
United States,5/11/2021,,,,,,,581045,408
United States,5/10/2021,,,,651980.06,651980.06,651980.06,580637,609
United States,5/9/2021,,,,,,,580028,806
United States,5/8/2021,,,,,,,579222,671
United States,5/7/2021,,,,,,,578551,714
United States,5/6/2021,,,,,,,577837,674
United States,5/5/2021,,,,,,,577163,470
United States,5/4/2021,,,,,,,576693,500
United States,5/3/2021,,,,648297.56,648297.56,648297.56,576193,616
United States,5/2/2021,,,,,,,575577,806
United States,5/1/2021,,,,,,,574771,753
United States,4/30/2021,626994.06,660638.1,593080.6,,,,574018,832
United States,4/29/2021,,,,,,,573186,546
United States,4/28/2021,,,,,,,572640,467
United States,4/27/2021,,,,,,,572173,435
United States,4/26/2021,,,,644901.44,644901.44,644901.44,571738,654
United States,4/25/2021,,,,,,,571084,835
United States,4/24/2021,,,,,,,570249,784
United States,4/23/2021,,,,,,,569465,767
United States,4/22/2021,,,,,,,568698,746
United States,4/21/2021,,,,,,,567952,463
United States,4/20/2021,,,,,,,567489,499
United States,4/19/2021,,,,640639.75,640639.75,640639.75,566990,627
United States,4/18/2021,,,,,,,566363,807
United States,4/17/2021,,,,,,,565556,794
United States,4/16/2021,,,,,,,564762,782
United States,4/15/2021,,,,,,,563980,751
United States,4/14/2021,,,,,,,563229,533
United States,4/13/2021,,,,,,,562696,468
United States,4/12/2021,,,,636593.8,636593.8,636593.8,562228,740
United States,4/11/2021,,,,,,,561488,864
United States,4/10/2021,,,,,,,560624,867
United States,4/9/2021,,,,,,,559757,821
United States,4/8/2021,,,,,,,558936,749
United States,4/7/2021,,,,,,,558187,362
United States,4/6/2021,,,,,,,557825,532
United States,4/5/2021,,,,634789.75,634789.75,634789.75,557293,708
United States,4/4/2021,,,,,,,556585,842
United States,4/3/2021,,,,,,,555743,816
United States,4/2/2021,,,,,,,554927,948
United States,4/1/2021,,,,,,,553979,729
United States,3/31/2021,619629.4,652623.8,586511.75,,,,553250,548
United States,3/30/2021,,,,,,,552702,618
United States,3/29/2021,,,,631530,631530,631530,552084,851
United States,3/28/2021,,,,,,,551233,1042
United States,3/27/2021,,,,,,,550191,981
United States,3/26/2021,,,,,,,549210,1126
United States,3/25/2021,,,,,,,548084,753
United States,3/24/2021,,,,,,,547331,938
United States,3/23/2021,,,,,,,546393,553
United States,3/22/2021,,,,630671.3,630671.3,630671.3,545840,718
United States,3/21/2021,,,,,,,545122,1078
United States,3/20/2021,,,,,,,544044,956
United States,3/19/2021,,,,,,,543088,1075
United States,3/18/2021,,,,,,,542013,853
United States,3/17/2021,,,,,,,541160,693
United States,3/16/2021,,,,,,,540467,651
United States,3/15/2021,,,,628413.8,628413.8,628413.8,539816,958
United States,3/14/2021,,,,,,,538858,1491
United States,3/13/2021,,,,,,,537367,1317
United States,3/12/2021,,,,,,,536050,1576
United States,3/11/2021,,,,,,,534474,1201
United States,3/10/2021,,,,,,,533273,802
United States,3/9/2021,,,,,,,532471,895
United States,3/8/2021,,,,626979.7,626979.7,626979.7,531576,1277
United States,3/7/2021,,,,,,,530299,1924
United States,3/6/2021,,,,,,,528375,1515
United States,3/5/2021,,,,,,,526860,1896
United States,3/4/2021,,,,,,,524964,1128
United States,3/3/2021,,,,,,,523836,1323
United States,3/2/2021,,,,,,,522513,1026
United States,3/1/2021,,,,625084,625084,625084,521487,1634
United States,2/28/2021,605064.75,636339.2,574395.9,,,,519853,1966
United States,2/27/2021,,,,,,,517887,2850
United States,2/26/2021,,,,,,,515037,1975
United States,2/25/2021,,,,,,,513062,1718
United States,2/24/2021,,,,,,,511344,1487
United States,2/23/2021,,,,,,,509857,1525
United States,2/22/2021,,,,621200.25,621200.25,621200.25,508332,1839
United States,2/21/2021,,,,,,,506493,2322
United States,2/20/2021,,,,,,,504171,2247
United States,2/19/2021,,,,,,,501924,2181
United States,2/18/2021,,,,,,,499743,1407
United States,2/17/2021,,,,,,,498336,1387
United States,2/16/2021,,,,,,,496949,1572
United States,2/15/2021,,,,614463.75,614463.75,614463.75,495377,3316
United States,2/14/2021,,,,,,,492061,5061
United States,2/13/2021,,,,,,,487000,3252
United States,2/12/2021,,,,,,,483748,2813
United States,2/11/2021,,,,,,,480935,2470
United States,2/10/2021,,,,,,,478465,1668
United States,2/9/2021,,,,,,,476797,1771
United States,2/8/2021,,,,605507.9,605507.9,605507.9,475026,2803
United States,2/7/2021,,,,,,,472223,3399
United States,2/6/2021,,,,,,,468824,3127
United States,2/5/2021,,,,,,,465697,3280
United States,2/4/2021,,,,,,,462417,2947
United States,2/3/2021,,,,,,,459470,2229
United States,2/2/2021,,,,,,,457241,2291
United States,2/1/2021,,,,594958.4,594958.4,594958.4,454950,2827
United States,1/31/2021,581762,611395.9,552102.4,,,,452123,3266
United States,1/30/2021,,,,,,,448857,3870
United States,1/29/2021,,,,,,,444987,3950
United States,1/28/2021,,,,,,,441037,3576
United States,1/27/2021,,,,,,,437461,2037
United States,1/26/2021,,,,,,,435424,2477
United States,1/25/2021,,,,579176.5,579176.5,579176.5,432947,3073
United States,1/24/2021,,,,,,,429874,3679
United States,1/23/2021,,,,,,,426195,3853
United States,1/22/2021,,,,,,,422342,3826
United States,1/21/2021,,,,,,,418516,2738
United States,1/20/2021,,,,,,,415778,2250
United States,1/19/2021,,,,,,,413528,2600
United States,1/18/2021,,,,561037.8,561037.8,561037.8,410928,3549
United States,1/17/2021,,,,,,,407379,3384
United States,1/16/2021,,,,,,,403995,3762
United States,1/15/2021,,,,,,,400233,4066
United States,1/14/2021,,,,,,,396167,3600
United States,1/13/2021,,,,,,,392567,2534
United States,1/12/2021,,,,,,,390033,2555
United States,1/11/2021,,,,539183,539183,539183,387478,3411
United States,1/10/2021,,,,,,,384067,3711
United States,1/9/2021,,,,,,,380356,3978
United States,1/8/2021,,,,,,,376378,3855
United States,1/7/2021,,,,,,,372523,3496
United States,1/6/2021,,,,,,,369027,2029
United States,1/5/2021,,,,,,,366998,2044
United States,1/4/2021,,,,515088.47,515088.47,515088.47,364954,2384
United States,1/3/2021,,,,,,,362570,3049
United States,1/2/2021,,,,,,,359521,3754
United States,1/1/2021,,,,,,,355767,3763
United States,12/31/2020,467312.84,494574.28,438277.9,,,,352004,3351
United States,12/30/2020,,,,,,,348653,2180
United States,12/29/2020,,,,,,,346473,1903
United States,12/28/2020,,,,490933.94,490933.94,490933.94,344570,1650
United States,12/27/2020,,,,,,,342920,2237
United States,12/26/2020,,,,,,,340683,3021
United States,12/25/2020,,,,,,,337662,3238
United States,12/24/2020,,,,,,,334424,2891
United States,12/23/2020,,,,,,,331533,2129
United States,12/22/2020,,,,,,,329404,2090
United States,12/21/2020,,,,463340.8,463340.8,463340.8,327314,2727
United States,12/20/2020,,,,,,,324587,2949
United States,12/19/2020,,,,,,,321638,3338
United States,12/18/2020,,,,,,,318300,3389
United States,12/17/2020,,,,,,,314911,2758
United States,12/16/2020,,,,,,,312153,1955
United States,12/15/2020,,,,,,,310198,2037
United States,12/14/2020,,,,438409.7,438409.7,438409.7,308161,2440
United States,12/13/2020,,,,,,,305721,3188
United States,12/12/2020,,,,,,,302533,2705
United States,12/11/2020,,,,,,,299828,3323
United States,12/10/2020,,,,,,,296505,2561
United States,12/9/2020,,,,,,,293944,1973
United States,12/8/2020,,,,,,,291971,1588
United States,12/7/2020,,,,414413.97,414413.97,414413.97,290383,2376
United States,12/6/2020,,,,,,,288007,2593
United States,12/5/2020,,,,,,,285414,2740
United States,12/4/2020,,,,,,,282674,2756
United States,12/3/2020,,,,,,,279918,2379
United States,12/2/2020,,,,,,,277539,1546
United States,12/1/2020,,,,,,,275993,1281
United States,11/30/2020,359189.16,384989.03,330837.25,390604.22,390604.22,390604.22,274712,1506
United States,11/29/2020,,,,,,,273206,1658
United States,11/28/2020,,,,,,,271548,1674
United States,11/27/2020,,,,,,,269874,2289
United States,11/26/2020,,,,,,,267585,1889
United States,11/25/2020,,,,,,,265696,1413
United States,11/24/2020,,,,,,,264283,1303
United States,11/23/2020,,,,370973.28,370973.28,370973.28,262980,1724
United States,11/22/2020,,,,,,,261256,1959
United States,11/21/2020,,,,,,,259297,1920
United States,11/20/2020,,,,,,,257377,1833
United States,11/19/2020,,,,,,,255544,1591
United States,11/18/2020,,,,,,,253953,1018
United States,11/17/2020,,,,,,,252935,1027
United States,11/16/2020,,,,354310.97,354310.97,354310.97,251908,1472
United States,11/15/2020,,,,,,,250436,1271
United States,11/14/2020,,,,,,,249165,1347
United States,11/13/2020,,,,,,,247818,1518
United States,11/12/2020,,,,,,,246300,1674
United States,11/11/2020,,,,,,,244626,930
United States,11/10/2020,,,,,,,243696,882
United States,11/9/2020,,,,338829.62,338829.62,338829.62,242814,1095
United States,11/8/2020,,,,,,,241719,1260
United States,11/7/2020,,,,,,,240459,1227
United States,11/6/2020,,,,,,,239232,1298
United States,11/5/2020,,,,,,,237934,1031
United States,11/4/2020,,,,,,,236903,738
United States,11/3/2020,,,,,,,236165,708
United States,11/2/2020,,,,326185.7,326185.7,326185.7,235457,942
United States,11/1/2020,,,,,,,234515,908
United States,10/31/2020,305313.53,330150.44,280172.03,,,,233607,1110
United States,10/30/2020,,,,,,,232497,1063
United States,10/29/2020,,,,,,,231434,896
United States,10/28/2020,,,,,,,230538,682
United States,10/27/2020,,,,,,,229856,601
United States,10/26/2020,,,,313999.56,313999.56,313999.56,229255,836
United States,10/25/2020,,,,,,,228419,919
United States,10/24/2020,,,,,,,227500,916
United States,10/23/2020,,,,,,,226584,1059
United States,10/22/2020,,,,,,,225525,791
United States,10/21/2020,,,,,,,224734,612
United States,10/20/2020,,,,,,,224122,733
United States,10/19/2020,,,,305697.44,305697.44,305697.44,223389,693
United States,10/18/2020,,,,,,,222696,880
United States,10/17/2020,,,,,,,221816,697
United States,10/16/2020,,,,,,,221119,821
United States,10/15/2020,,,,,,,220298,652
United States,10/14/2020,,,,,,,219646,497
United States,10/13/2020,,,,,,,219149,573
United States,10/12/2020,,,,298282.5,298282.5,298282.5,218576,681
United States,10/11/2020,,,,,,,217895,792
United States,10/10/2020,,,,,,,217103,735
United States,10/9/2020,,,,,,,216368,782
United States,10/8/2020,,,,,,,215586,635
United States,10/7/2020,,,,,,,214951,508
United States,10/6/2020,,,,,,,214443,598
United States,10/5/2020,,,,292263.56,292263.56,292263.56,213845,565
United States,10/4/2020,,,,,,,213280,907
United States,10/3/2020,,,,,,,212373,733
United States,10/2/2020,,,,,,,211640,686
United States,10/1/2020,,,,,,,210954,795
United States,9/30/2020,272036.34,296431.94,248360.42,,,,210159,400
United States,9/29/2020,,,,,,,209759,502
United States,9/28/2020,,,,284468.44,284468.44,284468.44,209257,664
United States,9/27/2020,,,,,,,208593,778
United States,9/26/2020,,,,,,,207815,740
United States,9/25/2020,,,,,,,207075,903
United States,9/24/2020,,,,,,,206172,660
United States,9/23/2020,,,,,,,205512,537
United States,9/22/2020,,,,,,,204975,484
United States,9/21/2020,,,,278813.5,278813.5,278813.5,204491,674
United States,9/20/2020,,,,,,,203817,803
United States,9/19/2020,,,,,,,203014,732
United States,9/18/2020,,,,,,,202282,1099
United States,9/17/2020,,,,,,,201183,801
United States,9/16/2020,,,,,,,200382,359
United States,9/15/2020,,,,,,,200023,720
United States,9/14/2020,,,,271284.78,271284.78,271284.78,199303,662
United States,9/13/2020,,,,,,,198641,863
United States,9/12/2020,,,,,,,197778,832
United States,9/11/2020,,,,,,,196946,826
United States,9/10/2020,,,,,,,196120,553
United States,9/9/2020,,,,,,,195567,417
United States,9/8/2020,,,,,,,195150,685
United States,9/7/2020,,,,264546.84,264546.84,264546.84,194465,801
United States,9/6/2020,,,,,,,193664,904
United States,9/5/2020,,,,,,,192760,948
United States,9/4/2020,,,,,,,191812,884
United States,9/3/2020,,,,,,,190928,860
United States,9/2/2020,,,,,,,190068,553
United States,9/1/2020,,,,,,,189515,717
United States,8/31/2020,248087.48,270175.78,225810.14,257779.92,257779.92,257779.92,188798,839
United States,8/30/2020,,,,,,,187959,1035
United States,8/29/2020,,,,,,,186924,940
United States,8/28/2020,,,,,,,185984,1062
United States,8/27/2020,,,,,,,184922,880
United States,8/26/2020,,,,,,,184042,584
United States,8/25/2020,,,,,,,183458,836
United States,8/24/2020,,,,250188.98,250188.98,250188.98,182622,1006
United States,8/23/2020,,,,,,,181616,1007
United States,8/22/2020,,,,,,,180609,1000
United States,8/21/2020,,,,,,,179609,1264
United States,8/20/2020,,,,,,,178345,928
United States,8/19/2020,,,,,,,177417,637
United States,8/18/2020,,,,,,,176780,889
United States,8/17/2020,,,,241518.25,241518.25,241518.25,175891,952
United States,8/16/2020,,,,,,,174939,1047
United States,8/15/2020,,,,,,,173892,1195
United States,8/14/2020,,,,,,,172697,1326
United States,8/13/2020,,,,,,,171371,1098
United States,8/12/2020,,,,,,,170273,795
United States,8/11/2020,,,,,,,169478,900
United States,8/10/2020,,,,231003.33,231003.33,231003.33,168578,1043
United States,8/9/2020,,,,,,,167535,1317
United States,8/8/2020,,,,,,,166218,1211
United States,8/7/2020,,,,,,,165007,1260
United States,8/6/2020,,,,,,,163747,1072
United States,8/5/2020,,,,,,,162675,853
United States,8/4/2020,,,,,,,161822,922
United States,8/3/2020,,,,219554.19,219554.19,219554.19,160900,1164
United States,8/2/2020,,,,,,,159736,1369
United States,8/1/2020,,,,,,,158367,1400
United States,7/31/2020,201842.52,223156.56,181381.94,,,,156967,1179
United States,7/30/2020,,,,,,,155788,1163
United States,7/29/2020,,,,,,,154625,936
United States,7/28/2020,,,,,,,153689,951
United States,7/27/2020,,,,208254.86,208254.86,208254.86,152738,1148
United States,7/26/2020,,,,,,,151590,1284
United States,7/25/2020,,,,,,,150306,1254
United States,7/24/2020,,,,,,,149052,1191
United States,7/23/2020,,,,,,,147861,1193
United States,7/22/2020,,,,,,,146668,867
United States,7/21/2020,,,,,,,145801,932
United States,7/20/2020,,,,196274.12,196274.12,196274.12,144869,1005
United States,7/19/2020,,,,,,,143864,1081
United States,7/18/2020,,,,,,,142783,1089
United States,7/17/2020,,,,,,,141694,1122
United States,7/16/2020,,,,,,,140572,914
United States,7/15/2020,,,,,,,139658,731
United States,7/14/2020,,,,,,,138927,840
United States,7/13/2020,,,,184222.6,184222.6,184222.6,138087,889
United States,7/12/2020,,,,,,,137198,964
United States,7/11/2020,,,,,,,136234,961
United States,7/10/2020,,,,,,,135273,1079
United States,7/9/2020,,,,,,,134194,928
United States,7/8/2020,,,,,,,133266,598
United States,7/7/2020,,,,,,,132668,460
United States,7/6/2020,,,,173351.27,173351.27,173351.27,132208,539
United States,7/5/2020,,,,,,,131669,810
United States,7/4/2020,,,,,,,130859,704
United States,7/3/2020,,,,,,,130155,782
United States,7/2/2020,,,,,,,129373,662
United States,7/1/2020,,,,,,,128711,461
United States,6/30/2020,154528.05,173379.8,135031.95,,,,128250,439
United States,6/29/2020,,,,164059.73,164059.73,164059.73,127811,593
United States,6/28/2020,,,,,,,127218,706
United States,6/27/2020,,,,,,,126512,2533
United States,6/26/2020,,,,,,,123979,692
United States,6/25/2020,,,,,,,123287,746
United States,6/24/2020,,,,,,,122541,415
United States,6/23/2020,,,,,,,122126,413
United States,6/22/2020,,,,157208.4,157208.4,157208.4,121713,576
United States,6/21/2020,,,,,,,121137,755
United States,6/20/2020,,,,,,,120382,643
United States,6/19/2020,,,,,,,119739,684
United States,6/18/2020,,,,,,,119055,674
United States,6/17/2020,,,,,,,118381,525
United States,6/16/2020,,,,,,,117856,489
United States,6/15/2020,,,,151479.47,151479.47,151479.47,117367,685
United States,6/14/2020,,,,,,,116682,735
United States,6/13/2020,,,,,,,115947,888
United States,6/12/2020,,,,,,,115059,882
United States,6/11/2020,,,,,,,114177,827
United States,6/10/2020,,,,,,,113350,776
United States,6/9/2020,,,,,,,112574,593
United States,6/8/2020,,,,146378.55,146378.55,146378.55,111981,669
United States,6/7/2020,,,,,,,111312,876
United States,6/6/2020,,,,,,,110436,885
United States,6/5/2020,,,,,,,109551,1022
United States,6/4/2020,,,,,,,108529,934
United States,6/3/2020,,,,,,,107595,691
United States,6/2/2020,,,,,,,106904,673
United States,6/1/2020,,,,141363.4,141363.4,141363.4,106231,906
United States,5/31/2020,136533.02,153492.78,118529.49,,,,105325,1051
United States,5/30/2020,,,,,,,104274,1251
United States,5/29/2020,,,,,,,103023,1285
United States,5/28/2020,,,,,,,101738,811
United States,5/27/2020,,,,,,,100927,687
United States,5/26/2020,,,,,,,100240,788
United States,5/25/2020,,,,135956.88,135956.88,135956.88,99452,937
United States,5/24/2020,,,,,,,98515,1810
United States,5/23/2020,,,,,,,96705,1083
United States,5/22/2020,,,,,,,95622,1374
United States,5/21/2020,,,,,,,94248,1179
United States,5/20/2020,,,,,,,93069,946
United States,5/19/2020,,,,,,,92123,927
United States,5/18/2020,,,,129312.74,129312.74,129312.74,91196,1239
United States,5/17/2020,,,,,,,89957,1549
United States,5/16/2020,,,,,,,88408,1943
United States,5/15/2020,,,,,,,86465,1507
United States,5/14/2020,,,,,,,84958,1533
United States,5/13/2020,,,,,,,83425,1034
United States,5/12/2020,,,,,,,82391,1073
United States,5/11/2020,,,,121110.414,121110.414,121110.414,81318,1491
United States,5/10/2020,,,,,,,79827,1658
United States,5/9/2020,,,,,,,78169,2033
United States,5/8/2020,,,,,,,76136,2341
United States,5/7/2020,,,,,,,73795,2434
United States,5/6/2020,,,,,,,71361,1271
United States,5/5/2020,,,,,,,70090,1412
United States,5/4/2020,,,,110168.88,110168.88,110168.88,68678,1609
United States,5/3/2020,,,,,,,67069,1953
United States,5/2/2020,,,,,,,65116,2238
United States,5/1/2020,,,,,,,62878,2417
United States,4/30/2020,93618.945,108788.914,77354.29,,,,60461,2111
United States,4/29/2020,,,,,,,58350,1489
United States,4/28/2020,,,,,,,56861,1535
United States,4/27/2020,,,,97444.95,97444.95,97444.95,55326,1892
United States,4/26/2020,,,,,,,53434,2103
United States,4/25/2020,,,,,,,51331,1984
United States,4/24/2020,,,,,,,49347,2221
United States,4/23/2020,,,,,,,47126,2673
United States,4/22/2020,,,,,,,44453,2077
United States,4/21/2020,,,,,,,42376,1993
United States,4/20/2020,,,,83048.42,83048.42,83048.42,40383,1848
United States,4/19/2020,,,,,,,38535,2336
United States,4/18/2020,,,,,,,36199,2445
United States,4/17/2020,,,,,,,33754,2731
United States,4/16/2020,,,,,,,31023,2432
United States,4/15/2020,,,,,,,28591,1905
United States,4/14/2020,,,,,,,26686,1857
United States,4/13/2020,,,,64022.29,64022.29,64022.29,24829,2192
United States,4/12/2020,,,,,,,22637,2241
United States,4/11/2020,,,,,,,20396,2230
United States,4/10/2020,,,,,,,18166,2221
United States,4/9/2020,,,,,,,15945,2093
United States,4/8/2020,,,,,,,13852,1691
United States,4/7/2020,,,,,,,12161,1873
United States,4/6/2020,,,,42712.957,42712.957,42712.957,10288,1540
United States,4/5/2020,,,,,,,8748,1376
United States,4/4/2020,,,,,,,7372,1311
United States,4/3/2020,,,,,,,6061,1121
United States,4/2/2020,,,,,,,4940,982
United States,4/1/2020,,,,,,,3958,631
United States,3/31/2020,18373.576,32496.49,4526.633,,,,3327,665
United States,3/30/2020,,,,20247.426,20247.426,20247.426,2662,556
United States,3/29/2020,,,,,,,2106,487
United States,3/28/2020,,,,,,,1619,341
United States,3/27/2020,,,,,,,1278,301
United States,3/26/2020,,,,,,,977,209
United States,3/25/2020,,,,,,,768,164
United States,3/24/2020,,,,,,,604,118
United States,3/23/2020,,,,4977.2944,4977.2944,4977.2944,486,112
United States,3/22/2020,,,,,,,374,92
United States,3/21/2020,,,,,,,282,69
United States,3/20/2020,,,,,,,213,64
United States,3/19/2020,,,,,,,149,28
United States,3/18/2020,,,,,,,121,21
United States,3/17/2020,,,,,,,100,18
United States,3/16/2020,,,,-922.83673,-922.83673,-922.83673,82,13
United States,3/15/2020,,,,,,,69,11
United States,3/14/2020,,,,,,,58,7
United States,3/13/2020,,,,,,,51,12
United States,3/12/2020,,,,,,,39,7
United States,3/11/2020,,,,,,,32,4
United States,3/10/2020,,,,,,,28,4
United States,3/9/2020,,,,-2275.768,-2275.768,-2275.768,24,5
United States,3/8/2020,,,,,,,19,3
United States,3/7/2020,,,,,,,16,3
United States,3/6/2020,,,,,,,13,2
United States,3/5/2020,,,,,,,11,3
United States,3/4/2020,,,,,,,8,6
United States,3/3/2020,,,,,,,2,0
United States,3/2/2020,,,,-2720.2993,-2720.2993,-2720.2993,2,1
United States,3/1/2020,,,,,,,1,0
United States,2/29/2020,-868.8492,9595.128,-11349.563,,,,1,1
United States,2/28/2020,,,,,,,0,0
United States,2/27/2020,,,,,,,0,0
United States,2/26/2020,,,,,,,0,0
United States,2/25/2020,,,,,,,0,0
United States,2/24/2020,,,,-3157.431,-3157.431,-3157.431,0,0
United States,2/23/2020,,,,,,,0,0
United States,2/22/2020,,,,,,,0,0
United States,2/21/2020,,,,,,,0,0
United States,2/20/2020,,,,,,,0,0
United States,2/19/2020,,,,,,,0,0
United States,2/18/2020,,,,,,,0,0
United States,2/17/2020,,,,-3382.5623,-3382.5623,-3382.5623,0,0
United States,2/16/2020,,,,,,,0,0
United States,2/15/2020,,,,,,,0,0
United States,2/14/2020,,,,,,,0,0
United States,2/13/2020,,,,,,,0,0
United States,2/12/2020,,,,,,,0,0
United States,2/11/2020,,,,,,,0,0
United States,2/10/2020,,,,-3003.505,-3003.505,-3003.505,0,0
United States,2/9/2020,,,,,,,0,0
United States,2/8/2020,,,,,,,0,0
United States,2/7/2020,,,,,,,0,0
United States,2/6/2020,,,,,,,0,0
United States,2/5/2020,,,,,,,0,0
United States,2/4/2020,,,,,,,0,0
United States,2/3/2020,,,,-1957.7811,-1957.7811,-1957.7811,0,0
United States,2/2/2020,,,,,,,0,0
United States,2/1/2020,,,,,,,0,0
United States,1/31/2020,9271.465,16937.12,2250.4536,,,,0,0
United States,1/30/2020,,,,,,,0,0
United States,1/29/2020,,,,,,,0,0
United States,1/28/2020,,,,,,,0,0
United States,1/27/2020,,,,-1187.7239,-1187.7239,-1187.7239,0,0
United States,1/26/2020,,,,,,,0,0
United States,1/25/2020,,,,,,,0,0
United States,1/24/2020,,,,,,,0,0
United States,1/23/2020,,,,,,,0,0
United States,1/22/2020,,,,,,,0,0
United States,1/21/2020,,,,,,,0,0
United States,1/20/2020,,,,0,0,0,0,0
United States,1/19/2020,,,,,,,0,0
United States,1/18/2020,,,,,,,0,0
United States,1/17/2020,,,,,,,0,0
United States,1/16/2020,,,,,,,0,0
United States,1/15/2020,,,,,,,0,0
United States,1/14/2020,,,,,,,0,0
United States,1/13/2020,,,,0,0,0,0,0
United States,1/12/2020,,,,,,,0,0
United States,1/11/2020,,,,,,,0,0
United States,1/10/2020,,,,,,,0,0
United States,1/9/2020,,,,,,,0,0
United States,1/8/2020,,,,,,,0,0
United States,1/7/2020,,,,,,,0,0
United States,1/6/2020,,,,0,0,0,0,0
United States,1/5/2020,,,,,,,0,0
United States,1/4/2020,,,,,,,0,0
United States,1/1/2020,,,,0,0,0,0,0
